KZ11W:,KZ11C:,SD13L:,SolarZenithAngle,CloudTransmittance,CloudOpticalDepth
77.13008849557522,18.983185840707964,9727.58407079646,62.44077747860076,0.17001787849018507,8.732973194487833
106.18929889298893,17.873431734317343,12414.771217712178,62.19018221926578,0.2318926400810308,8.048027700056664
108.22435424354244,16.772324723247234,12428.49446494465,61.84945786702234,0.23338836937551294,8.075775281373653
129.03304347826088,16.240000000000002,14491.417391304349,61.61648564042584,0.2759152373188417,7.612904884676284
